id,heads,batch,context,distribution,legacy_splits,formula_splits,legacy_us,formula_us,speedup,identical_config
h10-b5-l64-uniform,10,5,64,uniform,8,32,7.585679888725281,9.165169894695282,0.8276638595773117,False
h5-b128-l131072-ragged,5,128,131072,ragged,4,16,3381.317973136902,2502.5500059127808,1.3511490140647955,False
h10-b128-l8192-uniform,10,128,8192,uniform,4,8,474.5284080505371,495.255184173584,0.9581493000267469,False
h20-b16-l32768-uniform,20,16,32768,uniform,4,32,653.0694961547852,365.3935045003891,1.7873046130027463,False
h10-b4-l512-uniform,10,4,512,uniform,32,32,9.756610095500946,9.872139990329742,0.9882973808169289,True
h20-b16-l64-uniform,20,16,64,uniform,4,16,10.368500351905823,11.30899965763092,0.9168362070742055,False
h5-b16-l64-uniform,5,16,64,uniform,8,16,7.873640060424805,8.11026006937027,0.9708246089617891,False
h5-b16-l2048-uniform,5,16,2048,uniform,8,32,21.378957889449428,34.7574361613099,0.6150901864633885,False
h20-b16-l512-uniform,20,16,512,uniform,4,32,16.899882244462724,20.733781221534024,0.8150892528426302,False
h10-b5-l2048-uniform,10,5,2048,uniform,8,32,18.518530763685703,15.141671989113092,1.2230175621952835,False
h5-b32-l131072-uniform,5,32,131072,uniform,4,32,1748.311996459961,1797.6409792900085,0.9725590463288557,False
h10-b17-l8192-uniform,10,17,8192,uniform,4,32,116.78457260131836,99.02076494126092,1.1793947731124368,False
h5-b128-l512-uniform,5,128,512,uniform,4,4,55.166710747612846,54.957689179314514,1.003803317996438,True
h5-b16-l512-uniform,5,16,512,uniform,8,32,8.925120514559458,14.804421419120697,0.6028685797225544,False
h10-b5-l131072-ragged,10,5,131072,ragged,8,32,827.0480235417683,218.7826633453369,3.780226508333142,False
h5-b1-l2048-uniform,5,1,2048,uniform,32,32,8.995020091533661,8.938419818878174,1.0063322459453008,True
h10-b4-l32768-uniform,10,4,32768,uniform,32,32,71.29206026301665,71.1942946209627,1.0013732229889272,True
h5-b4-l8192-uniform,5,4,8192,uniform,32,32,21.47120290097937,21.00992835728468,1.0219550745652475,True
h10-b128-l32768-uniform,10,128,32768,uniform,4,16,1799.988031387329,1858.2749962806702,0.9686338324467573,False
h20-b1-l2048-uniform,20,1,2048,uniform,32,32,9.100840091705322,8.95904004573822,1.0158275937202172,True
h20-b128-l2048-ragged,20,128,2048,ragged,4,8,104.7709558321082,108.59852251799211,0.9647548917136531,False
h10-b1-l2048-uniform,10,1,2048,uniform,32,32,9.070490002632141,8.963819742202759,1.011900089860929,True
h10-b32-l2048-ragged,10,32,2048,ragged,4,32,32.178371293204165,35.272085666656494,0.9122900073817611,False
h20-b1-l512-uniform,20,1,512,uniform,32,32,8.750230073928833,8.864859938621521,0.9870691849068839,True
h20-b5-l64-uniform,20,5,64,uniform,4,32,10.284259915351868,11.942740082740784,0.8611306822472263,False
h10-b32-l8192-uniform,10,32,8192,uniform,4,32,125.70887058973312,163.13524544239044,0.7705806936375741,False
h5-b5-l8192-uniform,5,5,8192,uniform,8,32,58.38557084401448,41.835809037798924,1.3955884250084118,False
h20-b32-l2048-uniform,20,32,2048,uniform,4,32,56.33021465369633,88.30156922340393,0.6379299388347253,False
h10-b17-l32768-uniform,10,17,32768,uniform,4,32,448.41035207112634,306.22299512227374,1.4643261910885488,False
h20-b5-l512-uniform,20,5,512,uniform,4,32,16.30178416097486,12.764364883706376,1.2771324158700583,False
h10-b256-l8192-uniform,10,256,8192,uniform,4,4,939.5960172017415,939.2386674880981,1.0003804674211285,True
h5-b4-l64-uniform,5,4,64,uniform,32,32,9.308080077171326,9.336659908294678,0.9969389662465952,True
h10-b128-l2048-uniform,10,128,2048,uniform,4,8,145.21662145853043,163.71724754571915,0.8869964749314375,False
h20-b4-l512-uniform,20,4,512,uniform,16,32,10.892845306199849,12.524226891625787,0.8697419330117098,False
h5-b5-l512-uniform,5,5,512,uniform,8,32,8.182400166988373,9.792490005493164,0.8355791185284233,False
h20-b1-l64-uniform,20,1,64,uniform,32,32,8.606220185756683,8.692460060119629,0.9900787724342148,True
h10-b4-l8192-uniform,10,4,8192,uniform,32,32,21.875574632927226,22.004999496318675,0.9941183882593089,True
h20-b1-l32768-uniform,20,1,32768,uniform,32,32,56.62106913189555,57.23311734753986,0.9893060478965747,True
h10-b5-l8192-uniform,10,5,8192,uniform,8,32,59.36104626882644,42.43338108062744,1.3989233183194814,False
h10-b17-l512-uniform,10,17,512,uniform,4,32,12.213892584679112,16.32363764231637,0.7482335036044041,False
h5-b128-l2048-ragged,5,128,2048,ragged,4,8,70.79543045588902,71.70148577008928,0.9873635071230529,False
h20-b5-l131072-uniform,20,5,131072,uniform,4,32,2571.1580514907837,667.5080060958862,3.851875974535415,False
h10-b32-l64-uniform,10,32,64,uniform,4,8,8.820480108261108,9.002929925918579,0.9797343954513946,False
h10-b17-l64-uniform,10,17,64,uniform,4,8,8.0281400680542,8.396719992160797,0.9561042973386388,False
h20-b17-l512-uniform,20,17,512,uniform,4,32,16.797621507902406,22.219549428235304,0.7559838943699269,False
h10-b256-l64-uniform,10,256,64,uniform,4,1,31.64189748274974,13.016102405694816,2.43098098774221,False
h20-b17-l2048-uniform,20,17,2048,uniform,4,32,51.376936283517395,52.75425505130849,0.9738917976104198,False
h5-b17-l64-uniform,5,17,64,uniform,4,8,7.949070036411285,8.245660066604614,0.9640307716062011,False
h10-b32-l32768-uniform,10,32,32768,uniform,4,32,457.5433333714803,492.29065577189124,0.9294170588187813,False
h10-b5-l131072-uniform,10,5,131072,uniform,8,32,825.8069753646851,454.1655033826828,1.81829524526625,False
h5-b16-l8192-uniform,5,16,8192,uniform,8,32,69.25965588668296,87.21558801059065,0.7941201506119837,False
h10-b1-l8192-uniform,10,1,8192,uniform,32,32,19.437439918518066,19.263936042785645,1.0090066679699863,True
h20-b1-l8192-uniform,20,1,8192,uniform,32,32,19.1054517222989,19.307919086948516,0.989513765634823,True
h10-b4-l64-uniform,10,4,64,uniform,32,32,9.453109800815582,9.34341013431549,1.0117408595922808,True
h10-b4-l131072-uniform,10,4,131072,uniform,32,32,237.07418008284134,236.54709079048848,1.0022282636856426,True
h10-b1-l64-uniform,10,1,64,uniform,32,32,8.427709937095642,8.512369990348816,0.9900544673987197,True
h5-b4-l32768-uniform,5,4,32768,uniform,32,32,70.02516587575278,69.80372468630472,1.0031723405941904,True
h20-b4-l8192-uniform,20,4,8192,uniform,16,32,50.664251049359635,34.569124380747475,1.4655925470179392,False
h20-b32-l8192-uniform,20,32,8192,uniform,4,32,184.07199599526146,227.20853848890823,0.8101455923244162,False
h20-b32-l131072-ragged,20,32,131072,ragged,4,32,2589.242100715637,1085.5880379676819,2.3851055926914326,False
h5-b32-l2048-uniform,5,32,2048,uniform,4,32,40.75068380774521,60.495123630616725,0.6736193161050289,False
h5-b4-l2048-uniform,5,4,2048,uniform,32,32,10.034410059452057,10.09801983833313,0.9937007670910287,True
h20-b32-l32768-uniform,20,32,32768,uniform,4,32,686.3934993743896,717.1059846878052,0.9571716232060365,False
h20-b17-l64-uniform,20,17,64,uniform,4,8,10.796809792518616,11.169970035552979,0.9665925475317635,False
h20-b128-l32768-uniform,20,128,32768,uniform,4,16,2691.0979747772217,2745.456099510193,0.9802006942516148,False
h10-b1-l131072-uniform,10,1,131072,uniform,32,32,208.18683505058289,208.40917030970257,0.998933179097689,True
h5-b32-l8192-uniform,5,32,8192,uniform,4,32,123.06637316942215,158.8876247406006,0.7745497698158677,False
h5-b17-l32768-uniform,5,17,32768,uniform,4,32,447.39800691604614,303.0383288860321,1.4763743205708655,False
h20-b128-l8192-uniform,20,128,8192,uniform,4,8,690.8805072307587,715.1359915733337,0.9660826966781355,False
h20-b128-l512-uniform,20,128,512,uniform,4,4,78.41937243938446,78.70056107640266,0.9964271075939951,True
h5-b128-l2048-uniform,5,128,2048,uniform,4,8,141.09475165605545,160.02999991178513,0.8816768839207177,False
h5-b17-l8192-uniform,5,17,8192,uniform,4,32,115.61545458706942,97.08245234055951,1.1908996095555686,False
h20-b1-l131072-uniform,20,1,131072,uniform,32,32,203.13430749453033,205.1170697579017,0.990333509221287,True
h10-b16-l131072-uniform,10,16,131072,uniform,8,32,899.9553521474202,915.25133450826,0.9832876699720323,False
h5-b32-l32768-uniform,5,32,32768,uniform,4,32,449.3576685587565,483.25500885645545,0.9298562049508571,False
h20-b256-l8192-uniform,20,256,8192,uniform,4,4,1382.7049732208252,1381.509006023407,1.0008656962728464,True
h20-b16-l2048-uniform,20,16,2048,uniform,4,32,50.07522446768625,48.1068990668472,1.0409156574009053,False
h5-b17-l2048-uniform,5,17,2048,uniform,4,32,33.372775832218906,36.557581887316346,0.9128824749701947,False
h10-b128-l512-uniform,10,128,512,uniform,4,4,56.433317336169154,56.49627338756214,0.9988856601043203,True
h10-b1-l512-uniform,10,1,512,uniform,32,32,8.70754987001419,8.752480149269104,0.9948665659917361,True
h5-b128-l64-uniform,5,128,64,uniform,4,2,13.784456934247697,10.535645825522288,1.3083637360754157,False
h10-b32-l131072-ragged,10,32,131072,ragged,4,32,1641.959011554718,724.34201836586,2.2668283351268683,False
h5-b17-l131072-uniform,5,17,131072,uniform,4,32,1718.625009059906,1104.9619913101196,1.555370250357829,False
h5-b5-l64-uniform,5,5,64,uniform,8,32,7.69118994474411,9.297529757022858,0.827229398102716,False
h20-b5-l131072-ragged,20,5,131072,ragged,4,32,2553.9960861206055,333.79799127578735,7.651322515031157,False
h10-b16-l8192-uniform,10,16,8192,uniform,8,32,69.76614253861564,88.78942898341587,0.7857482961360929,False
h5-b5-l2048-ragged,5,5,2048,ragged,8,32,18.00353455364256,10.390571185520717,1.732679968424693,False
h20-b16-l131072-uniform,20,16,131072,uniform,4,32,2575.6720304489136,1366.7420148849487,1.8845341713342525,False
h10-b128-l131072-ragged,10,128,131072,ragged,4,16,3428.175926208496,2550.786018371582,1.3439684479676732,False
h20-b32-l131072-uniform,20,32,131072,uniform,4,32,2705.7920694351196,2719.749927520752,0.9948679626959837,False
h10-b5-l512-uniform,10,5,512,uniform,8,32,8.167630136013031,9.922769963741302,0.8231199721305935,False
h5-b5-l2048-uniform,5,5,2048,uniform,8,32,18.176676595912262,14.917662038522607,1.2184668448027407,False
h20-b16-l8192-uniform,20,16,8192,uniform,4,32,173.4741415296282,120.10114533560616,1.4444003930593545,False
h20-b128-l131072-uniform,20,128,131072,uniform,4,16,10720.203876495361,10756.947994232178,0.9965841502853301,False
h20-b256-l64-uniform,20,256,64,uniform,4,1,47.91577045734112,18.733153549524452,2.557805888403529,False
h20-b128-l2048-uniform,20,128,2048,uniform,4,8,202.0494504408403,227.90218483317983,0.886562147654428,False
h5-b1-l32768-uniform,5,1,32768,uniform,32,32,56.94037260011185,57.54674312680267,0.989462991409354,True
h5-b4-l131072-uniform,5,4,131072,uniform,32,32,232.99471898512405,232.93745517730713,1.0002458334052517,True
h5-b5-l131072-uniform,5,5,131072,uniform,8,32,815.3065145015717,447.0119923353195,1.8239030014433737,False
h20-b4-l64-uniform,20,4,64,uniform,16,32,10.70057988166809,11.77968978881836,0.908392332353727,False
h20-b5-l32768-uniform,20,5,32768,uniform,4,32,679.3939769268036,186.03000044822693,3.652066738105945,False
h5-b1-l131072-uniform,5,1,131072,uniform,32,32,207.38850037256876,207.43900537490845,0.9997565308306005,True
h5-b1-l512-uniform,5,1,512,uniform,32,32,8.733530044555664,8.711270093917847,1.0025553048404916,True
h20-b4-l131072-uniform,20,4,131072,uniform,16,32,656.8270027637482,353.2719910144806,1.8592671354373658,False
h20-b5-l8192-uniform,20,5,8192,uniform,4,32,171.52706782023114,58.5318664709727,2.930490315139623,False
h10-b16-l512-uniform,10,16,512,uniform,8,32,9.094432180310474,15.223284562428793,0.5974027577961472,False
h10-b17-l131072-uniform,10,17,131072,uniform,4,32,1729.773998260498,1122.95001745224,1.5403837850103304,False
h10-b128-l64-uniform,10,128,64,uniform,4,2,14.381035452797299,11.1278330995923,1.2923482338465508,False
h10-b32-l131072-uniform,10,32,131072,uniform,4,32,1782.6250195503235,1826.6029953956604,0.9759236265591413,False
h5-b128-l8192-uniform,5,128,8192,uniform,4,8,465.6029939651489,485.1279854774475,0.9597529062499194,False
h10-b5-l32768-uniform,10,5,32768,uniform,8,32,215.28616547584534,126.35783354441324,1.7037817081611712,False
h5-b32-l2048-ragged,5,32,2048,ragged,4,32,31.87698534090225,34.0776165870771,0.935422970660179,False
h5-b16-l32768-uniform,5,16,32768,uniform,8,32,233.43260288238525,249.9493956565857,0.9339194530524353,False
h5-b4-l512-uniform,5,4,512,uniform,32,32,9.690349996089935,9.712600111961365,0.9977091493920327,True
h5-b32-l64-uniform,5,32,64,uniform,4,8,8.554069995880127,8.697939813137054,0.9834593225122538,False
h10-b128-l131072-uniform,10,128,131072,uniform,4,16,7103.260040283203,7196.820020675659,0.9869998165684749,False
h20-b4-l32768-uniform,20,4,32768,uniform,16,32,170.96760272979736,99.57786401112875,1.7169237804768551,False
h5-b17-l512-uniform,5,17,512,uniform,4,32,12.034503106148012,15.712141990661621,0.7659365039662076,False
h10-b16-l2048-uniform,10,16,2048,uniform,8,32,22.04237069402422,35.33371346337455,0.6238339685658124,False
h10-b17-l2048-uniform,10,17,2048,uniform,4,32,34.2183636896538,37.539758465506814,0.9115232779426415,False
h10-b5-l2048-ragged,10,5,2048,ragged,8,32,17.735376738119818,10.355898867482725,1.7125868999945988,False
h20-b32-l64-uniform,20,32,64,uniform,4,8,11.665740013122559,12.191960215568542,0.9568387533143337,False
h20-b17-l32768-uniform,20,17,32768,uniform,4,32,668.3115065097809,442.5159990787506,1.5102538843818107,False
h5-b32-l131072-ragged,5,32,131072,ragged,4,32,1622.8020191192627,711.9399905204773,2.2794084343160472,False
h5-b256-l8192-uniform,5,256,8192,uniform,4,4,922.4579731623332,922.0439990361531,1.0004489743728204,True
h10-b16-l32768-uniform,10,16,32768,uniform,8,32,237.5931978225708,255.24380207061768,0.9308480593657529,False
h10-b1-l32768-uniform,10,1,32768,uniform,32,32,58.16144166990768,57.836186054141024,1.005623739011113,True
h20-b32-l2048-ragged,20,32,2048,ragged,4,32,48.170121348634055,50.94044792408846,0.9456163679678916,False
h20-b17-l131072-uniform,20,17,131072,uniform,4,32,2577.3919820785522,1675.540030002594,1.5382455422891699,False
h5-b5-l131072-ragged,5,5,131072,ragged,8,32,822.0629990100861,214.28799629211426,3.8362531417273686,False
h20-b128-l131072-ragged,20,128,131072,ragged,4,16,5234.405994415283,3830.6500911712646,1.366453701025667,False
h10-b128-l2048-ragged,10,128,2048,ragged,4,8,71.38327396277225,73.29945492021966,0.9738581827172792,False
h20-b17-l8192-uniform,20,17,8192,uniform,4,32,171.40346368153888,137.44266827901205,1.2470906293348842,False
h20-b4-l2048-uniform,20,4,2048,uniform,16,32,16.990796669379815,13.04054510343325,1.3029207394794073,False
h10-b32-l512-uniform,10,32,512,uniform,4,16,13.086061752759493,18.986477301670952,0.6892306321408986,False
h5-b128-l32768-uniform,5,128,32768,uniform,4,16,1772.9600071907043,1822.458028793335,0.9728399662320872,False
h10-b4-l2048-uniform,10,4,2048,uniform,32,32,10.172640085220337,10.237299799919128,0.9936839092375411,True
h20-b32-l512-uniform,20,32,512,uniform,4,16,18.152965896431056,28.58744818588783,0.6349977716931116,False
h20-b5-l2048-uniform,20,5,2048,uniform,4,32,47.05294348158927,20.492641430980754,2.2960897276255796,False
h5-b256-l64-uniform,5,256,64,uniform,4,1,27.74797786365856,12.722431936047293,2.181027810024152,False
h10-b16-l64-uniform,10,16,64,uniform,8,16,8.54326993227005,8.732919991016388,0.9782833165835216,False
h5-b1-l64-uniform,5,1,64,uniform,32,32,8.434479832649231,8.4128999710083,1.0025650919082951,True
h10-b32-l2048-uniform,10,32,2048,uniform,4,32,40.98424388141167,61.875607909225835,0.6623651106836367,False
h5-b1-l8192-uniform,5,1,8192,uniform,32,32,19.202301426539346,19.265413284301758,0.9967240849271665,True
h20-b128-l64-uniform,20,128,64,uniform,4,2,20.870120097429325,15.388922813611153,1.356178099676358,False
h5-b32-l512-uniform,5,32,512,uniform,4,16,12.904442903649716,18.814900449214093,0.6858629381793375,False
h20-b5-l2048-ragged,20,5,2048,ragged,4,32,45.54370966824618,13.882327621633356,3.2806969342283563,False
h5-b128-l131072-uniform,5,128,131072,uniform,4,16,6988.594055175781,7062.046051025391,0.989599048870696,False
h5-b5-l32768-uniform,5,5,32768,uniform,8,32,211.0314965248108,124.53516324361166,1.6945534982115678,False
h5-b16-l131072-uniform,5,16,131072,uniform,8,32,882.2946945826212,900.0106652577717,0.9803158214018759,False
